-- phpMyAdmin SQL Dump
-- version 5.2.1
-- https://www.phpmyadmin.net/
--
-- Host: 127.0.0.1
-- Generation Time: Nov 27, 2024 at 08:58 PM
-- Server version: 10.4.28-MariaDB
-- PHP Version: 8.2.4

SET SQL_MODE = "NO_AUTO_VALUE_ON_ZERO";
START TRANSACTION;
SET time_zone = "+00:00";


/*!40101 SET @OLD_CHARACTER_SET_CLIENT=@@CHARACTER_SET_CLIENT */;
/*!40101 SET @OLD_CHARACTER_SET_RESULTS=@@CHARACTER_SET_RESULTS */;
/*!40101 SET @OLD_COLLATION_CONNECTION=@@COLLATION_CONNECTION */;
/*!40101 SET NAMES utf8mb4 */;

--
-- Database: `attendancemsystem`
--

-- --------------------------------------------------------

--
-- Table structure for table `admin`
--

CREATE TABLE `admin` (
  `Id` int(10) NOT NULL,
  `firstName` varchar(50) NOT NULL,
  `lastName` varchar(50) NOT NULL,
  `emailAddress` varchar(50) NOT NULL,
  `password` varchar(50) NOT NULL
) ENGINE=MyISAM DEFAULT CHARSET=latin1 COLLATE=latin1_swedish_ci;

--
-- Dumping data for table `admin`
--

INSERT INTO `admin` (`Id`, `firstName`, `lastName`, `emailAddress`, `password`) VALUES
(1, 'Admin', 'Admin', 'admin@gmail.com', 'admin');

-- --------------------------------------------------------

--
-- Table structure for table `attendance`
--

CREATE TABLE `attendance` (
  `Id` int(10) NOT NULL,
  `student_id` int(11) NOT NULL,
  `teacher_id` int(11) NOT NULL,
  `course_id` int(11) NOT NULL,
  `status` int(11) NOT NULL,
  `attendance_date` date NOT NULL
) ENGINE=MyISAM DEFAULT CHARSET=latin1 COLLATE=latin1_swedish_ci;

--
-- Dumping data for table `attendance`
--

INSERT INTO `attendance` (`Id`, `student_id`, `teacher_id`, `course_id`, `status`, `attendance_date`) VALUES
(1575, 21701059, 21, 4, 1, '2024-11-27'),
(1574, 21701058, 21, 4, 0, '2024-11-27'),
(1573, 21701057, 21, 4, 1, '2024-11-27'),
(1572, 21701056, 21, 4, 1, '2024-11-27'),
(1571, 21701055, 21, 4, 0, '2024-11-27'),
(1570, 21701054, 21, 4, 1, '2024-11-27'),
(1569, 21701053, 21, 4, 1, '2024-11-27'),
(1568, 21701052, 21, 4, 1, '2024-11-27'),
(1567, 21701051, 21, 4, 1, '2024-11-27'),
(1566, 21701050, 21, 4, 1, '2024-11-27'),
(1565, 21701049, 21, 4, 0, '2024-11-27'),
(1564, 21701048, 21, 4, 0, '2024-11-27'),
(1563, 21701047, 21, 4, 1, '2024-11-27'),
(1562, 21701046, 21, 4, 1, '2024-11-27'),
(1561, 21701045, 21, 4, 1, '2024-11-27'),
(1560, 21701044, 21, 4, 1, '2024-11-27'),
(1559, 21701043, 21, 4, 1, '2024-11-27'),
(1558, 21701042, 21, 4, 1, '2024-11-27'),
(1557, 21701041, 21, 4, 1, '2024-11-27'),
(1556, 21701040, 21, 4, 0, '2024-11-27'),
(1555, 21701039, 21, 4, 0, '2024-11-27'),
(1554, 21701038, 21, 4, 1, '2024-11-27'),
(1553, 21701037, 21, 4, 1, '2024-11-27'),
(1552, 21701036, 21, 4, 1, '2024-11-27'),
(1551, 21701035, 21, 4, 1, '2024-11-27'),
(1550, 21701034, 21, 4, 0, '2024-11-27'),
(1549, 21701033, 21, 4, 1, '2024-11-27'),
(1548, 21701032, 21, 4, 1, '2024-11-27'),
(1547, 21701031, 21, 4, 1, '2024-11-27'),
(1546, 21701030, 21, 4, 1, '2024-11-27'),
(1545, 21701029, 21, 4, 1, '2024-11-27'),
(1544, 21701028, 21, 4, 1, '2024-11-27'),
(1543, 21701027, 21, 4, 1, '2024-11-27'),
(1542, 21701026, 21, 4, 0, '2024-11-27'),
(1541, 21701025, 21, 4, 0, '2024-11-27'),
(1540, 21701024, 21, 4, 0, '2024-11-27'),
(1539, 21701023, 21, 4, 1, '2024-11-27'),
(1538, 21701022, 21, 4, 1, '2024-11-27'),
(1537, 21701021, 21, 4, 1, '2024-11-27'),
(1536, 21701020, 21, 4, 1, '2024-11-27'),
(1535, 21701019, 21, 4, 1, '2024-11-27'),
(1534, 21701018, 21, 4, 0, '2024-11-27'),
(1533, 21701017, 21, 4, 1, '2024-11-27'),
(1532, 21701016, 21, 4, 1, '2024-11-27'),
(1531, 21701015, 21, 4, 1, '2024-11-27'),
(1530, 21701014, 21, 4, 1, '2024-11-27'),
(1529, 21701013, 21, 4, 1, '2024-11-27'),
(1528, 21701012, 21, 4, 1, '2024-11-27'),
(1527, 21701011, 21, 4, 0, '2024-11-27'),
(1526, 21701010, 21, 4, 0, '2024-11-27'),
(1525, 21701009, 21, 4, 1, '2024-11-27'),
(1524, 21701008, 21, 4, 1, '2024-11-27'),
(1523, 21701007, 21, 4, 1, '2024-11-27'),
(1522, 21701006, 21, 4, 0, '2024-11-27'),
(1521, 21701005, 21, 4, 1, '2024-11-27'),
(1520, 21701004, 21, 4, 1, '2024-11-27'),
(1519, 21701003, 21, 4, 1, '2024-11-27'),
(1518, 21701002, 21, 4, 1, '2024-11-27'),
(1517, 21701001, 21, 4, 1, '2024-11-27'),
(1516, 21701000, 21, 4, 0, '2024-11-27'),
(1515, 21701059, 21, 4, 1, '2024-11-27'),
(1514, 21701058, 21, 4, 1, '2024-11-27'),
(1513, 21701057, 21, 4, 1, '2024-11-27'),
(1512, 21701056, 21, 4, 1, '2024-11-27'),
(1511, 21701055, 21, 4, 0, '2024-11-27'),
(1510, 21701054, 21, 4, 1, '2024-11-27'),
(1509, 21701053, 21, 4, 1, '2024-11-27'),
(1508, 21701052, 21, 4, 1, '2024-11-27'),
(1507, 21701051, 21, 4, 1, '2024-11-27'),
(1506, 21701050, 21, 4, 1, '2024-11-27'),
(1505, 21701049, 21, 4, 1, '2024-11-27'),
(1504, 21701048, 21, 4, 0, '2024-11-27'),
(1503, 21701047, 21, 4, 0, '2024-11-27'),
(1502, 21701046, 21, 4, 1, '2024-11-27'),
(1501, 21701045, 21, 4, 1, '2024-11-27'),
(1500, 21701044, 21, 4, 1, '2024-11-27'),
(1499, 21701043, 21, 4, 1, '2024-11-27'),
(1498, 21701042, 21, 4, 1, '2024-11-27'),
(1497, 21701041, 21, 4, 1, '2024-11-27'),
(1496, 21701040, 21, 4, 1, '2024-11-27'),
(1495, 21701039, 21, 4, 1, '2024-11-27'),
(1494, 21701038, 21, 4, 1, '2024-11-27'),
(1493, 21701037, 21, 4, 1, '2024-11-27'),
(1492, 21701036, 21, 4, 0, '2024-11-27'),
(1491, 21701035, 21, 4, 1, '2024-11-27'),
(1490, 21701034, 21, 4, 1, '2024-11-27'),
(1489, 21701033, 21, 4, 1, '2024-11-27'),
(1488, 21701032, 21, 4, 1, '2024-11-27'),
(1487, 21701031, 21, 4, 1, '2024-11-27'),
(1486, 21701030, 21, 4, 1, '2024-11-27'),
(1485, 21701029, 21, 4, 1, '2024-11-27'),
(1484, 21701028, 21, 4, 1, '2024-11-27'),
(1483, 21701027, 21, 4, 0, '2024-11-27'),
(1482, 21701026, 21, 4, 1, '2024-11-27'),
(1481, 21701025, 21, 4, 0, '2024-11-27'),
(1480, 21701024, 21, 4, 1, '2024-11-27'),
(1479, 21701023, 21, 4, 1, '2024-11-27'),
(1478, 21701022, 21, 4, 1, '2024-11-27'),
(1477, 21701021, 21, 4, 1, '2024-11-27'),
(1476, 21701020, 21, 4, 1, '2024-11-27'),
(1475, 21701019, 21, 4, 0, '2024-11-27'),
(1474, 21701018, 21, 4, 1, '2024-11-27'),
(1473, 21701017, 21, 4, 1, '2024-11-27'),
(1472, 21701016, 21, 4, 1, '2024-11-27'),
(1471, 21701015, 21, 4, 0, '2024-11-27'),
(1470, 21701014, 21, 4, 1, '2024-11-27'),
(1469, 21701013, 21, 4, 1, '2024-11-27'),
(1468, 21701012, 21, 4, 1, '2024-11-27'),
(1467, 21701011, 21, 4, 1, '2024-11-27'),
(1466, 21701010, 21, 4, 0, '2024-11-27'),
(1465, 21701009, 21, 4, 0, '2024-11-27'),
(1464, 21701008, 21, 4, 1, '2024-11-27'),
(1463, 21701007, 21, 4, 1, '2024-11-27'),
(1462, 21701006, 21, 4, 1, '2024-11-27'),
(1461, 21701005, 21, 4, 0, '2024-11-27'),
(1460, 21701004, 21, 4, 1, '2024-11-27'),
(1459, 21701003, 21, 4, 1, '2024-11-27'),
(1458, 21701002, 21, 4, 0, '2024-11-27'),
(1457, 21701001, 21, 4, 1, '2024-11-27'),
(1456, 21701000, 21, 4, 0, '2024-11-27'),
(1455, 21701059, 21, 3, 1, '2024-11-27'),
(1454, 21701058, 21, 3, 1, '2024-11-27'),
(1453, 21701057, 21, 3, 1, '2024-11-27'),
(1452, 21701056, 21, 3, 1, '2024-11-27'),
(1451, 21701055, 21, 3, 0, '2024-11-27'),
(1450, 21701054, 21, 3, 0, '2024-11-27'),
(1449, 21701053, 21, 3, 1, '2024-11-27'),
(1448, 21701052, 21, 3, 0, '2024-11-27'),
(1447, 21701051, 21, 3, 1, '2024-11-27'),
(1446, 21701050, 21, 3, 0, '2024-11-27'),
(1445, 21701049, 21, 3, 1, '2024-11-27'),
(1444, 21701048, 21, 3, 1, '2024-11-27'),
(1443, 21701047, 21, 3, 0, '2024-11-27'),
(1442, 21701046, 21, 3, 1, '2024-11-27'),
(1441, 21701045, 21, 3, 1, '2024-11-27'),
(1440, 21701044, 21, 3, 1, '2024-11-27'),
(1439, 21701043, 21, 3, 1, '2024-11-27'),
(1438, 21701042, 21, 3, 1, '2024-11-27'),
(1437, 21701041, 21, 3, 0, '2024-11-27'),
(1436, 21701040, 21, 3, 1, '2024-11-27'),
(1435, 21701039, 21, 3, 1, '2024-11-27'),
(1434, 21701038, 21, 3, 1, '2024-11-27'),
(1433, 21701037, 21, 3, 1, '2024-11-27'),
(1432, 21701036, 21, 3, 1, '2024-11-27'),
(1431, 21701035, 21, 3, 1, '2024-11-27'),
(1430, 21701034, 21, 3, 0, '2024-11-27'),
(1429, 21701033, 21, 3, 1, '2024-11-27'),
(1428, 21701032, 21, 3, 1, '2024-11-27'),
(1427, 21701031, 21, 3, 1, '2024-11-27'),
(1426, 21701030, 21, 3, 1, '2024-11-27'),
(1425, 21701029, 21, 3, 0, '2024-11-27'),
(1424, 21701028, 21, 3, 1, '2024-11-27'),
(1423, 21701027, 21, 3, 1, '2024-11-27'),
(1422, 21701026, 21, 3, 0, '2024-11-27'),
(1421, 21701025, 21, 3, 0, '2024-11-27'),
(1420, 21701024, 21, 3, 1, '2024-11-27'),
(1419, 21701023, 21, 3, 1, '2024-11-27'),
(1418, 21701022, 21, 3, 1, '2024-11-27'),
(1417, 21701021, 21, 3, 1, '2024-11-27'),
(1416, 21701020, 21, 3, 1, '2024-11-27'),
(1415, 21701019, 21, 3, 1, '2024-11-27'),
(1414, 21701018, 21, 3, 1, '2024-11-27'),
(1413, 21701017, 21, 3, 0, '2024-11-27'),
(1412, 21701016, 21, 3, 0, '2024-11-27'),
(1411, 21701015, 21, 3, 1, '2024-11-27'),
(1410, 21701014, 21, 3, 0, '2024-11-27'),
(1409, 21701013, 21, 3, 1, '2024-11-27'),
(1408, 21701012, 21, 3, 1, '2024-11-27'),
(1407, 21701011, 21, 3, 1, '2024-11-27'),
(1406, 21701010, 21, 3, 1, '2024-11-27'),
(1405, 21701009, 21, 3, 1, '2024-11-27'),
(1404, 21701008, 21, 3, 0, '2024-11-27'),
(1403, 21701007, 21, 3, 1, '2024-11-27'),
(1402, 21701006, 21, 3, 0, '2024-11-27'),
(1401, 21701005, 21, 3, 1, '2024-11-27'),
(1400, 21701004, 21, 3, 1, '2024-11-27'),
(1399, 21701003, 21, 3, 1, '2024-11-27'),
(1398, 21701002, 21, 3, 0, '2024-11-27'),
(1397, 21701001, 21, 3, 1, '2024-11-27'),
(1396, 21701000, 21, 3, 0, '2024-11-27'),
(1395, 21701059, 21, 3, 0, '2024-11-27'),
(1394, 21701058, 21, 3, 1, '2024-11-27'),
(1393, 21701057, 21, 3, 0, '2024-11-27'),
(1392, 21701056, 21, 3, 1, '2024-11-27'),
(1391, 21701055, 21, 3, 0, '2024-11-27'),
(1390, 21701054, 21, 3, 1, '2024-11-27'),
(1389, 21701053, 21, 3, 0, '2024-11-27'),
(1388, 21701052, 21, 3, 1, '2024-11-27'),
(1387, 21701051, 21, 3, 0, '2024-11-27'),
(1386, 21701050, 21, 3, 1, '2024-11-27'),
(1385, 21701049, 21, 3, 0, '2024-11-27'),
(1384, 21701048, 21, 3, 1, '2024-11-27'),
(1383, 21701047, 21, 3, 0, '2024-11-27'),
(1382, 21701046, 21, 3, 1, '2024-11-27'),
(1381, 21701045, 21, 3, 0, '2024-11-27'),
(1380, 21701044, 21, 3, 1, '2024-11-27'),
(1379, 21701043, 21, 3, 0, '2024-11-27'),
(1378, 21701042, 21, 3, 1, '2024-11-27'),
(1377, 21701041, 21, 3, 0, '2024-11-27'),
(1376, 21701040, 21, 3, 1, '2024-11-27'),
(1375, 21701039, 21, 3, 0, '2024-11-27'),
(1374, 21701038, 21, 3, 1, '2024-11-27'),
(1373, 21701037, 21, 3, 0, '2024-11-27'),
(1372, 21701036, 21, 3, 1, '2024-11-27'),
(1371, 21701035, 21, 3, 0, '2024-11-27'),
(1370, 21701034, 21, 3, 1, '2024-11-27'),
(1369, 21701033, 21, 3, 0, '2024-11-27'),
(1368, 21701032, 21, 3, 1, '2024-11-27'),
(1367, 21701031, 21, 3, 0, '2024-11-27'),
(1366, 21701030, 21, 3, 1, '2024-11-27'),
(1365, 21701029, 21, 3, 0, '2024-11-27'),
(1364, 21701028, 21, 3, 1, '2024-11-27'),
(1363, 21701027, 21, 3, 0, '2024-11-27'),
(1362, 21701026, 21, 3, 1, '2024-11-27'),
(1361, 21701025, 21, 3, 0, '2024-11-27'),
(1360, 21701024, 21, 3, 1, '2024-11-27'),
(1359, 21701023, 21, 3, 0, '2024-11-27'),
(1358, 21701022, 21, 3, 1, '2024-11-27'),
(1357, 21701021, 21, 3, 0, '2024-11-27'),
(1356, 21701020, 21, 3, 1, '2024-11-27'),
(1355, 21701019, 21, 3, 0, '2024-11-27'),
(1354, 21701018, 21, 3, 1, '2024-11-27'),
(1353, 21701017, 21, 3, 0, '2024-11-27'),
(1352, 21701016, 21, 3, 1, '2024-11-27'),
(1351, 21701015, 21, 3, 0, '2024-11-27'),
(1350, 21701014, 21, 3, 1, '2024-11-27'),
(1349, 21701013, 21, 3, 0, '2024-11-27'),
(1348, 21701012, 21, 3, 1, '2024-11-27'),
(1347, 21701011, 21, 3, 0, '2024-11-27'),
(1346, 21701010, 21, 3, 1, '2024-11-27'),
(1345, 21701009, 21, 3, 0, '2024-11-27'),
(1344, 21701008, 21, 3, 1, '2024-11-27'),
(1343, 21701007, 21, 3, 0, '2024-11-27'),
(1342, 21701006, 21, 3, 1, '2024-11-27'),
(1341, 21701005, 21, 3, 0, '2024-11-27'),
(1340, 21701004, 21, 3, 1, '2024-11-27'),
(1339, 21701003, 21, 3, 0, '2024-11-27'),
(1338, 21701002, 21, 3, 1, '2024-11-27'),
(1337, 21701001, 21, 3, 0, '2024-11-27'),
(1336, 21701000, 21, 3, 1, '2024-11-27');

-- --------------------------------------------------------

--
-- Table structure for table `course`
--

CREATE TABLE `course` (
  `Id` int(10) NOT NULL,
  `course_code` varchar(50) NOT NULL,
  `course_name` varchar(100) NOT NULL
) ENGINE=MyISAM DEFAULT CHARSET=latin1 COLLATE=latin1_swedish_ci;

--
-- Dumping data for table `course`
--

INSERT INTO `course` (`Id`, `course_code`, `course_name`) VALUES
(1, 'CSE 411', 'Design and Analysis of Algorithms'),
(2, 'CSE 412', 'Design and Analysis of Algorithms Lab'),
(3, 'CSE 413', 'Database Systems'),
(4, 'CSE 414', 'Database Systems Lab'),
(5, 'CSE 415', 'Microprocessors'),
(6, 'CSE 416', 'Microprocessors Lab'),
(7, 'MAT 431', 'Numerical Methods'),
(8, 'MAT 432', 'Numerical Methods Lab');

-- --------------------------------------------------------

--
-- Table structure for table `course_student`
--

CREATE TABLE `course_student` (
  `Id` int(11) NOT NULL,
  `student_id` int(11) NOT NULL,
  `course_id` int(11) NOT NULL,
  `semester` int(11) NOT NULL,
  `session` varchar(20) NOT NULL
) ENGINE=InnoDB DEFAULT CHARSET=utf8mb4 COLLATE=utf8mb4_general_ci;

--
-- Dumping data for table `course_student`
--

INSERT INTO `course_student` (`Id`, `student_id`, `course_id`, `semester`, `session`) VALUES
(481, 21701000, 1, 4, '2020-2021'),
(482, 21701001, 1, 4, '2020-2021'),
(483, 21701002, 1, 4, '2020-2021'),
(484, 21701003, 1, 4, '2020-2021'),
(485, 21701004, 1, 4, '2020-2021'),
(486, 21701005, 1, 4, '2020-2021'),
(487, 21701006, 1, 4, '2020-2021'),
(488, 21701007, 1, 4, '2020-2021'),
(489, 21701008, 1, 4, '2020-2021'),
(490, 21701009, 1, 4, '2020-2021'),
(491, 21701010, 1, 4, '2020-2021'),
(492, 21701011, 1, 4, '2020-2021'),
(493, 21701012, 1, 4, '2020-2021'),
(494, 21701013, 1, 4, '2020-2021'),
(495, 21701014, 1, 4, '2020-2021'),
(496, 21701015, 1, 4, '2020-2021'),
(497, 21701016, 1, 4, '2020-2021'),
(498, 21701017, 1, 4, '2020-2021'),
(499, 21701018, 1, 4, '2020-2021'),
(500, 21701019, 1, 4, '2020-2021'),
(501, 21701020, 1, 4, '2020-2021'),
(502, 21701021, 1, 4, '2020-2021'),
(503, 21701022, 1, 4, '2020-2021'),
(504, 21701023, 1, 4, '2020-2021'),
(505, 21701024, 1, 4, '2020-2021'),
(506, 21701025, 1, 4, '2020-2021'),
(507, 21701026, 1, 4, '2020-2021'),
(508, 21701027, 1, 4, '2020-2021'),
(509, 21701028, 1, 4, '2020-2021'),
(510, 21701029, 1, 4, '2020-2021'),
(511, 21701030, 1, 4, '2020-2021'),
(512, 21701031, 1, 4, '2020-2021'),
(513, 21701032, 1, 4, '2020-2021'),
(514, 21701033, 1, 4, '2020-2021'),
(515, 21701034, 1, 4, '2020-2021'),
(516, 21701035, 1, 4, '2020-2021'),
(517, 21701036, 1, 4, '2020-2021'),
(518, 21701037, 1, 4, '2020-2021'),
(519, 21701038, 1, 4, '2020-2021'),
(520, 21701039, 1, 4, '2020-2021'),
(521, 21701040, 1, 4, '2020-2021'),
(522, 21701041, 1, 4, '2020-2021'),
(523, 21701042, 1, 4, '2020-2021'),
(524, 21701043, 1, 4, '2020-2021'),
(525, 21701044, 1, 4, '2020-2021'),
(526, 21701045, 1, 4, '2020-2021'),
(527, 21701046, 1, 4, '2020-2021'),
(528, 21701047, 1, 4, '2020-2021'),
(529, 21701048, 1, 4, '2020-2021'),
(530, 21701049, 1, 4, '2020-2021'),
(531, 21701050, 1, 4, '2020-2021'),
(532, 21701051, 1, 4, '2020-2021'),
(533, 21701052, 1, 4, '2020-2021'),
(534, 21701053, 1, 4, '2020-2021'),
(535, 21701054, 1, 4, '2020-2021'),
(536, 21701055, 1, 4, '2020-2021'),
(537, 21701056, 1, 4, '2020-2021'),
(538, 21701057, 1, 4, '2020-2021'),
(539, 21701058, 1, 4, '2020-2021'),
(540, 21701059, 1, 4, '2020-2021'),
(541, 21701000, 2, 4, '2020-2021'),
(542, 21701001, 2, 4, '2020-2021'),
(543, 21701002, 2, 4, '2020-2021'),
(544, 21701003, 2, 4, '2020-2021'),
(545, 21701004, 2, 4, '2020-2021'),
(546, 21701005, 2, 4, '2020-2021'),
(547, 21701006, 2, 4, '2020-2021'),
(548, 21701007, 2, 4, '2020-2021'),
(549, 21701008, 2, 4, '2020-2021'),
(550, 21701009, 2, 4, '2020-2021'),
(551, 21701010, 2, 4, '2020-2021'),
(552, 21701011, 2, 4, '2020-2021'),
(553, 21701012, 2, 4, '2020-2021'),
(554, 21701013, 2, 4, '2020-2021'),
(555, 21701014, 2, 4, '2020-2021'),
(556, 21701015, 2, 4, '2020-2021'),
(557, 21701016, 2, 4, '2020-2021'),
(558, 21701017, 2, 4, '2020-2021'),
(559, 21701018, 2, 4, '2020-2021'),
(560, 21701019, 2, 4, '2020-2021'),
(561, 21701020, 2, 4, '2020-2021'),
(562, 21701021, 2, 4, '2020-2021'),
(563, 21701022, 2, 4, '2020-2021'),
(564, 21701023, 2, 4, '2020-2021'),
(565, 21701024, 2, 4, '2020-2021'),
(566, 21701025, 2, 4, '2020-2021'),
(567, 21701026, 2, 4, '2020-2021'),
(568, 21701027, 2, 4, '2020-2021'),
(569, 21701028, 2, 4, '2020-2021'),
(570, 21701029, 2, 4, '2020-2021'),
(571, 21701030, 2, 4, '2020-2021'),
(572, 21701031, 2, 4, '2020-2021'),
(573, 21701032, 2, 4, '2020-2021'),
(574, 21701033, 2, 4, '2020-2021'),
(575, 21701034, 2, 4, '2020-2021'),
(576, 21701035, 2, 4, '2020-2021'),
(577, 21701036, 2, 4, '2020-2021'),
(578, 21701037, 2, 4, '2020-2021'),
(579, 21701038, 2, 4, '2020-2021'),
(580, 21701039, 2, 4, '2020-2021'),
(581, 21701040, 2, 4, '2020-2021'),
(582, 21701041, 2, 4, '2020-2021'),
(583, 21701042, 2, 4, '2020-2021'),
(584, 21701043, 2, 4, '2020-2021'),
(585, 21701044, 2, 4, '2020-2021'),
(586, 21701045, 2, 4, '2020-2021'),
(587, 21701046, 2, 4, '2020-2021'),
(588, 21701047, 2, 4, '2020-2021'),
(589, 21701048, 2, 4, '2020-2021'),
(590, 21701049, 2, 4, '2020-2021'),
(591, 21701050, 2, 4, '2020-2021'),
(592, 21701051, 2, 4, '2020-2021'),
(593, 21701052, 2, 4, '2020-2021'),
(594, 21701053, 2, 4, '2020-2021'),
(595, 21701054, 2, 4, '2020-2021'),
(596, 21701055, 2, 4, '2020-2021'),
(597, 21701056, 2, 4, '2020-2021'),
(598, 21701057, 2, 4, '2020-2021'),
(599, 21701058, 2, 4, '2020-2021'),
(600, 21701059, 2, 4, '2020-2021'),
(601, 21701000, 3, 4, '2020-2021'),
(602, 21701001, 3, 4, '2020-2021'),
(603, 21701002, 3, 4, '2020-2021'),
(604, 21701003, 3, 4, '2020-2021'),
(605, 21701004, 3, 4, '2020-2021'),
(606, 21701005, 3, 4, '2020-2021'),
(607, 21701006, 3, 4, '2020-2021'),
(608, 21701007, 3, 4, '2020-2021'),
(609, 21701008, 3, 4, '2020-2021'),
(610, 21701009, 3, 4, '2020-2021'),
(611, 21701010, 3, 4, '2020-2021'),
(612, 21701011, 3, 4, '2020-2021'),
(613, 21701012, 3, 4, '2020-2021'),
(614, 21701013, 3, 4, '2020-2021'),
(615, 21701014, 3, 4, '2020-2021'),
(616, 21701015, 3, 4, '2020-2021'),
(617, 21701016, 3, 4, '2020-2021'),
(618, 21701017, 3, 4, '2020-2021'),
(619, 21701018, 3, 4, '2020-2021'),
(620, 21701019, 3, 4, '2020-2021'),
(621, 21701020, 3, 4, '2020-2021'),
(622, 21701021, 3, 4, '2020-2021'),
(623, 21701022, 3, 4, '2020-2021'),
(624, 21701023, 3, 4, '2020-2021'),
(625, 21701024, 3, 4, '2020-2021'),
(626, 21701025, 3, 4, '2020-2021'),
(627, 21701026, 3, 4, '2020-2021'),
(628, 21701027, 3, 4, '2020-2021'),
(629, 21701028, 3, 4, '2020-2021'),
(630, 21701029, 3, 4, '2020-2021'),
(631, 21701030, 3, 4, '2020-2021'),
(632, 21701031, 3, 4, '2020-2021'),
(633, 21701032, 3, 4, '2020-2021'),
(634, 21701033, 3, 4, '2020-2021'),
(635, 21701034, 3, 4, '2020-2021'),
(636, 21701035, 3, 4, '2020-2021'),
(637, 21701036, 3, 4, '2020-2021'),
(638, 21701037, 3, 4, '2020-2021'),
(639, 21701038, 3, 4, '2020-2021'),
(640, 21701039, 3, 4, '2020-2021'),
(641, 21701040, 3, 4, '2020-2021'),
(642, 21701041, 3, 4, '2020-2021'),
(643, 21701042, 3, 4, '2020-2021'),
(644, 21701043, 3, 4, '2020-2021'),
(645, 21701044, 3, 4, '2020-2021'),
(646, 21701045, 3, 4, '2020-2021'),
(647, 21701046, 3, 4, '2020-2021'),
(648, 21701047, 3, 4, '2020-2021'),
(649, 21701048, 3, 4, '2020-2021'),
(650, 21701049, 3, 4, '2020-2021'),
(651, 21701050, 3, 4, '2020-2021'),
(652, 21701051, 3, 4, '2020-2021'),
(653, 21701052, 3, 4, '2020-2021'),
(654, 21701053, 3, 4, '2020-2021'),
(655, 21701054, 3, 4, '2020-2021'),
(656, 21701055, 3, 4, '2020-2021'),
(657, 21701056, 3, 4, '2020-2021'),
(658, 21701057, 3, 4, '2020-2021'),
(659, 21701058, 3, 4, '2020-2021'),
(660, 21701059, 3, 4, '2020-2021'),
(661, 21701000, 4, 4, '2020-2021'),
(662, 21701001, 4, 4, '2020-2021'),
(663, 21701002, 4, 4, '2020-2021'),
(664, 21701003, 4, 4, '2020-2021'),
(665, 21701004, 4, 4, '2020-2021'),
(666, 21701005, 4, 4, '2020-2021'),
(667, 21701006, 4, 4, '2020-2021'),
(668, 21701007, 4, 4, '2020-2021'),
(669, 21701008, 4, 4, '2020-2021'),
(670, 21701009, 4, 4, '2020-2021'),
(671, 21701010, 4, 4, '2020-2021'),
(672, 21701011, 4, 4, '2020-2021'),
(673, 21701012, 4, 4, '2020-2021'),
(674, 21701013, 4, 4, '2020-2021'),
(675, 21701014, 4, 4, '2020-2021'),
(676, 21701015, 4, 4, '2020-2021'),
(677, 21701016, 4, 4, '2020-2021'),
(678, 21701017, 4, 4, '2020-2021'),
(679, 21701018, 4, 4, '2020-2021'),
(680, 21701019, 4, 4, '2020-2021'),
(681, 21701020, 4, 4, '2020-2021'),
(682, 21701021, 4, 4, '2020-2021'),
(683, 21701022, 4, 4, '2020-2021'),
(684, 21701023, 4, 4, '2020-2021'),
(685, 21701024, 4, 4, '2020-2021'),
(686, 21701025, 4, 4, '2020-2021'),
(687, 21701026, 4, 4, '2020-2021'),
(688, 21701027, 4, 4, '2020-2021'),
(689, 21701028, 4, 4, '2020-2021'),
(690, 21701029, 4, 4, '2020-2021'),
(691, 21701030, 4, 4, '2020-2021'),
(692, 21701031, 4, 4, '2020-2021'),
(693, 21701032, 4, 4, '2020-2021'),
(694, 21701033, 4, 4, '2020-2021'),
(695, 21701034, 4, 4, '2020-2021'),
(696, 21701035, 4, 4, '2020-2021'),
(697, 21701036, 4, 4, '2020-2021'),
(698, 21701037, 4, 4, '2020-2021'),
(699, 21701038, 4, 4, '2020-2021'),
(700, 21701039, 4, 4, '2020-2021'),
(701, 21701040, 4, 4, '2020-2021'),
(702, 21701041, 4, 4, '2020-2021'),
(703, 21701042, 4, 4, '2020-2021'),
(704, 21701043, 4, 4, '2020-2021'),
(705, 21701044, 4, 4, '2020-2021'),
(706, 21701045, 4, 4, '2020-2021'),
(707, 21701046, 4, 4, '2020-2021'),
(708, 21701047, 4, 4, '2020-2021'),
(709, 21701048, 4, 4, '2020-2021'),
(710, 21701049, 4, 4, '2020-2021'),
(711, 21701050, 4, 4, '2020-2021'),
(712, 21701051, 4, 4, '2020-2021'),
(713, 21701052, 4, 4, '2020-2021'),
(714, 21701053, 4, 4, '2020-2021'),
(715, 21701054, 4, 4, '2020-2021'),
(716, 21701055, 4, 4, '2020-2021'),
(717, 21701056, 4, 4, '2020-2021'),
(718, 21701057, 4, 4, '2020-2021'),
(719, 21701058, 4, 4, '2020-2021'),
(720, 21701059, 4, 4, '2020-2021'),
(721, 21701000, 5, 4, '2020-2021'),
(722, 21701001, 5, 4, '2020-2021'),
(723, 21701002, 5, 4, '2020-2021'),
(724, 21701003, 5, 4, '2020-2021'),
(725, 21701004, 5, 4, '2020-2021'),
(726, 21701005, 5, 4, '2020-2021'),
(727, 21701006, 5, 4, '2020-2021'),
(728, 21701007, 5, 4, '2020-2021'),
(729, 21701008, 5, 4, '2020-2021'),
(730, 21701009, 5, 4, '2020-2021'),
(731, 21701010, 5, 4, '2020-2021'),
(732, 21701011, 5, 4, '2020-2021'),
(733, 21701012, 5, 4, '2020-2021'),
(734, 21701013, 5, 4, '2020-2021'),
(735, 21701014, 5, 4, '2020-2021'),
(736, 21701015, 5, 4, '2020-2021'),
(737, 21701016, 5, 4, '2020-2021'),
(738, 21701017, 5, 4, '2020-2021'),
(739, 21701018, 5, 4, '2020-2021'),
(740, 21701019, 5, 4, '2020-2021'),
(741, 21701020, 5, 4, '2020-2021'),
(742, 21701021, 5, 4, '2020-2021'),
(743, 21701022, 5, 4, '2020-2021'),
(744, 21701023, 5, 4, '2020-2021'),
(745, 21701024, 5, 4, '2020-2021'),
(746, 21701025, 5, 4, '2020-2021'),
(747, 21701026, 5, 4, '2020-2021'),
(748, 21701027, 5, 4, '2020-2021'),
(749, 21701028, 5, 4, '2020-2021'),
(750, 21701029, 5, 4, '2020-2021'),
(751, 21701030, 5, 4, '2020-2021'),
(752, 21701031, 5, 4, '2020-2021'),
(753, 21701032, 5, 4, '2020-2021'),
(754, 21701033, 5, 4, '2020-2021'),
(755, 21701034, 5, 4, '2020-2021'),
(756, 21701035, 5, 4, '2020-2021'),
(757, 21701036, 5, 4, '2020-2021'),
(758, 21701037, 5, 4, '2020-2021'),
(759, 21701038, 5, 4, '2020-2021'),
(760, 21701039, 5, 4, '2020-2021'),
(761, 21701040, 5, 4, '2020-2021'),
(762, 21701041, 5, 4, '2020-2021'),
(763, 21701042, 5, 4, '2020-2021'),
(764, 21701043, 5, 4, '2020-2021'),
(765, 21701044, 5, 4, '2020-2021'),
(766, 21701045, 5, 4, '2020-2021'),
(767, 21701046, 5, 4, '2020-2021'),
(768, 21701047, 5, 4, '2020-2021'),
(769, 21701048, 5, 4, '2020-2021'),
(770, 21701049, 5, 4, '2020-2021'),
(771, 21701050, 5, 4, '2020-2021'),
(772, 21701051, 5, 4, '2020-2021'),
(773, 21701052, 5, 4, '2020-2021'),
(774, 21701053, 5, 4, '2020-2021'),
(775, 21701054, 5, 4, '2020-2021'),
(776, 21701055, 5, 4, '2020-2021'),
(777, 21701056, 5, 4, '2020-2021'),
(778, 21701057, 5, 4, '2020-2021'),
(779, 21701058, 5, 4, '2020-2021'),
(780, 21701059, 5, 4, '2020-2021'),
(781, 21701000, 6, 4, '2020-2021'),
(782, 21701001, 6, 4, '2020-2021'),
(783, 21701002, 6, 4, '2020-2021'),
(784, 21701003, 6, 4, '2020-2021'),
(785, 21701004, 6, 4, '2020-2021'),
(786, 21701005, 6, 4, '2020-2021'),
(787, 21701006, 6, 4, '2020-2021'),
(788, 21701007, 6, 4, '2020-2021'),
(789, 21701008, 6, 4, '2020-2021'),
(790, 21701009, 6, 4, '2020-2021'),
(791, 21701010, 6, 4, '2020-2021'),
(792, 21701011, 6, 4, '2020-2021'),
(793, 21701012, 6, 4, '2020-2021'),
(794, 21701013, 6, 4, '2020-2021'),
(795, 21701014, 6, 4, '2020-2021'),
(796, 21701015, 6, 4, '2020-2021'),
(797, 21701016, 6, 4, '2020-2021'),
(798, 21701017, 6, 4, '2020-2021'),
(799, 21701018, 6, 4, '2020-2021'),
(800, 21701019, 6, 4, '2020-2021'),
(801, 21701020, 6, 4, '2020-2021'),
(802, 21701021, 6, 4, '2020-2021'),
(803, 21701022, 6, 4, '2020-2021'),
(804, 21701023, 6, 4, '2020-2021'),
(805, 21701024, 6, 4, '2020-2021'),
(806, 21701025, 6, 4, '2020-2021'),
(807, 21701026, 6, 4, '2020-2021'),
(808, 21701027, 6, 4, '2020-2021'),
(809, 21701028, 6, 4, '2020-2021'),
(810, 21701029, 6, 4, '2020-2021'),
(811, 21701030, 6, 4, '2020-2021'),
(812, 21701031, 6, 4, '2020-2021'),
(813, 21701032, 6, 4, '2020-2021'),
(814, 21701033, 6, 4, '2020-2021'),
(815, 21701034, 6, 4, '2020-2021'),
(816, 21701035, 6, 4, '2020-2021'),
(817, 21701036, 6, 4, '2020-2021'),
(818, 21701037, 6, 4, '2020-2021'),
(819, 21701038, 6, 4, '2020-2021'),
(820, 21701039, 6, 4, '2020-2021'),
(821, 21701040, 6, 4, '2020-2021'),
(822, 21701041, 6, 4, '2020-2021'),
(823, 21701042, 6, 4, '2020-2021'),
(824, 21701043, 6, 4, '2020-2021'),
(825, 21701044, 6, 4, '2020-2021'),
(826, 21701045, 6, 4, '2020-2021'),
(827, 21701046, 6, 4, '2020-2021'),
(828, 21701047, 6, 4, '2020-2021'),
(829, 21701048, 6, 4, '2020-2021'),
(830, 21701049, 6, 4, '2020-2021'),
(831, 21701050, 6, 4, '2020-2021'),
(832, 21701051, 6, 4, '2020-2021'),
(833, 21701052, 6, 4, '2020-2021'),
(834, 21701053, 6, 4, '2020-2021'),
(835, 21701054, 6, 4, '2020-2021'),
(836, 21701055, 6, 4, '2020-2021'),
(837, 21701056, 6, 4, '2020-2021'),
(838, 21701057, 6, 4, '2020-2021'),
(839, 21701058, 6, 4, '2020-2021'),
(840, 21701059, 6, 4, '2020-2021'),
(841, 21701000, 7, 4, '2020-2021'),
(842, 21701001, 7, 4, '2020-2021'),
(843, 21701002, 7, 4, '2020-2021'),
(844, 21701003, 7, 4, '2020-2021'),
(845, 21701004, 7, 4, '2020-2021'),
(846, 21701005, 7, 4, '2020-2021'),
(847, 21701006, 7, 4, '2020-2021'),
(848, 21701007, 7, 4, '2020-2021'),
(849, 21701008, 7, 4, '2020-2021'),
(850, 21701009, 7, 4, '2020-2021'),
(851, 21701010, 7, 4, '2020-2021'),
(852, 21701011, 7, 4, '2020-2021'),
(853, 21701012, 7, 4, '2020-2021'),
(854, 21701013, 7, 4, '2020-2021'),
(855, 21701014, 7, 4, '2020-2021'),
(856, 21701015, 7, 4, '2020-2021'),
(857, 21701016, 7, 4, '2020-2021'),
(858, 21701017, 7, 4, '2020-2021'),
(859, 21701018, 7, 4, '2020-2021'),
(860, 21701019, 7, 4, '2020-2021'),
(861, 21701020, 7, 4, '2020-2021'),
(862, 21701021, 7, 4, '2020-2021'),
(863, 21701022, 7, 4, '2020-2021'),
(864, 21701023, 7, 4, '2020-2021'),
(865, 21701024, 7, 4, '2020-2021'),
(866, 21701025, 7, 4, '2020-2021'),
(867, 21701026, 7, 4, '2020-2021'),
(868, 21701027, 7, 4, '2020-2021'),
(869, 21701028, 7, 4, '2020-2021'),
(870, 21701029, 7, 4, '2020-2021'),
(871, 21701030, 7, 4, '2020-2021'),
(872, 21701031, 7, 4, '2020-2021'),
(873, 21701032, 7, 4, '2020-2021'),
(874, 21701033, 7, 4, '2020-2021'),
(875, 21701034, 7, 4, '2020-2021'),
(876, 21701035, 7, 4, '2020-2021'),
(877, 21701036, 7, 4, '2020-2021'),
(878, 21701037, 7, 4, '2020-2021'),
(879, 21701038, 7, 4, '2020-2021'),
(880, 21701039, 7, 4, '2020-2021'),
(881, 21701040, 7, 4, '2020-2021'),
(882, 21701041, 7, 4, '2020-2021'),
(883, 21701042, 7, 4, '2020-2021'),
(884, 21701043, 7, 4, '2020-2021'),
(885, 21701044, 7, 4, '2020-2021'),
(886, 21701045, 7, 4, '2020-2021'),
(887, 21701046, 7, 4, '2020-2021'),
(888, 21701047, 7, 4, '2020-2021'),
(889, 21701048, 7, 4, '2020-2021'),
(890, 21701049, 7, 4, '2020-2021'),
(891, 21701050, 7, 4, '2020-2021'),
(892, 21701051, 7, 4, '2020-2021'),
(893, 21701052, 7, 4, '2020-2021'),
(894, 21701053, 7, 4, '2020-2021'),
(895, 21701054, 7, 4, '2020-2021'),
(896, 21701055, 7, 4, '2020-2021'),
(897, 21701056, 7, 4, '2020-2021'),
(898, 21701057, 7, 4, '2020-2021'),
(899, 21701058, 7, 4, '2020-2021'),
(900, 21701059, 7, 4, '2020-2021'),
(901, 21701000, 8, 4, '2020-2021'),
(902, 21701001, 8, 4, '2020-2021'),
(903, 21701002, 8, 4, '2020-2021'),
(904, 21701003, 8, 4, '2020-2021'),
(905, 21701004, 8, 4, '2020-2021'),
(906, 21701005, 8, 4, '2020-2021'),
(907, 21701006, 8, 4, '2020-2021'),
(908, 21701007, 8, 4, '2020-2021'),
(909, 21701008, 8, 4, '2020-2021'),
(910, 21701009, 8, 4, '2020-2021'),
(911, 21701010, 8, 4, '2020-2021'),
(912, 21701011, 8, 4, '2020-2021'),
(913, 21701012, 8, 4, '2020-2021'),
(914, 21701013, 8, 4, '2020-2021'),
(915, 21701014, 8, 4, '2020-2021'),
(916, 21701015, 8, 4, '2020-2021'),
(917, 21701016, 8, 4, '2020-2021'),
(918, 21701017, 8, 4, '2020-2021'),
(919, 21701018, 8, 4, '2020-2021'),
(920, 21701019, 8, 4, '2020-2021'),
(921, 21701020, 8, 4, '2020-2021'),
(922, 21701021, 8, 4, '2020-2021'),
(923, 21701022, 8, 4, '2020-2021'),
(924, 21701023, 8, 4, '2020-2021'),
(925, 21701024, 8, 4, '2020-2021'),
(926, 21701025, 8, 4, '2020-2021'),
(927, 21701026, 8, 4, '2020-2021'),
(928, 21701027, 8, 4, '2020-2021'),
(929, 21701028, 8, 4, '2020-2021'),
(930, 21701029, 8, 4, '2020-2021'),
(931, 21701030, 8, 4, '2020-2021'),
(932, 21701031, 8, 4, '2020-2021'),
(933, 21701032, 8, 4, '2020-2021'),
(934, 21701033, 8, 4, '2020-2021'),
(935, 21701034, 8, 4, '2020-2021'),
(936, 21701035, 8, 4, '2020-2021'),
(937, 21701036, 8, 4, '2020-2021'),
(938, 21701037, 8, 4, '2020-2021'),
(939, 21701038, 8, 4, '2020-2021'),
(940, 21701039, 8, 4, '2020-2021'),
(941, 21701040, 8, 4, '2020-2021'),
(942, 21701041, 8, 4, '2020-2021'),
(943, 21701042, 8, 4, '2020-2021'),
(944, 21701043, 8, 4, '2020-2021'),
(945, 21701044, 8, 4, '2020-2021'),
(946, 21701045, 8, 4, '2020-2021'),
(947, 21701046, 8, 4, '2020-2021'),
(948, 21701047, 8, 4, '2020-2021'),
(949, 21701048, 8, 4, '2020-2021'),
(950, 21701049, 8, 4, '2020-2021'),
(951, 21701050, 8, 4, '2020-2021'),
(952, 21701051, 8, 4, '2020-2021'),
(953, 21701052, 8, 4, '2020-2021'),
(954, 21701053, 8, 4, '2020-2021'),
(955, 21701054, 8, 4, '2020-2021'),
(956, 21701055, 8, 4, '2020-2021'),
(957, 21701056, 8, 4, '2020-2021'),
(958, 21701057, 8, 4, '2020-2021'),
(959, 21701058, 8, 4, '2020-2021'),
(966, 21701059, 8, 4, '2020-2021');

-- --------------------------------------------------------

--
-- Table structure for table `course_teacher`
--

CREATE TABLE `course_teacher` (
  `Id` int(11) NOT NULL,
  `course_id` int(11) NOT NULL,
  `teacher_id` int(11) NOT NULL,
  `semester` int(11) NOT NULL,
  `session` varchar(20) NOT NULL
) ENGINE=InnoDB DEFAULT CHARSET=utf8mb4 COLLATE=utf8mb4_general_ci;

--
-- Dumping data for table `course_teacher`
--

INSERT INTO `course_teacher` (`Id`, `course_id`, `teacher_id`, `semester`, `session`) VALUES
(1, 1, 12, 4, '2020-2021'),
(2, 2, 12, 4, '2020-2021'),
(3, 3, 21, 4, '2020-2021'),
(4, 4, 21, 4, '2020-2021'),
(5, 5, 26, 4, '2020-2021'),
(6, 6, 26, 4, '2020-2021'),
(7, 7, 15, 4, '2020-2021'),
(24, 8, 15, 4, '2020-2021');

-- --------------------------------------------------------

--
-- Table structure for table `student`
--

CREATE TABLE `student` (
  `Id` int(10) NOT NULL,
  `student_firstName` varchar(50) NOT NULL,
  `student_lastName` varchar(50) NOT NULL,
  `student_id` varchar(20) NOT NULL,
  `student_email` varchar(50) NOT NULL,
  `student_phoneNo` varchar(20) NOT NULL,
  `student_semester` int(11) NOT NULL,
  `student_session` varchar(20) NOT NULL
) ENGINE=MyISAM DEFAULT CHARSET=latin1 COLLATE=latin1_swedish_ci;

--
-- Dumping data for table `student`
--

INSERT INTO `student` (`Id`, `student_firstName`, `student_lastName`, `student_id`, `student_email`, `student_phoneNo`, `student_semester`, `student_session`) VALUES
(19, 'Jane', 'Smith', '21701001', 'jane@gmail.com', '1234567891', 4, '2020-2021'),
(18, 'John', 'Doe', '21701000', 'john@gmail.com', '1234567890', 4, '2020-2021'),
(20, 'Alice', 'Brown', '21701002', 'alice@gmail.com', '1234567892', 4, '2020-2021'),
(21, 'Bob', 'Johnson', '21701003', 'bob@gmail.com', '1234567893', 4, '2020-2021'),
(22, 'Charlie', 'Williams', '21701004', 'charlie@gmail.com', '1234567894', 4, '2020-2021'),
(23, 'Eve', 'Jones', '21701005', 'eve@gmail.com', '1234567895', 4, '2020-2021'),
(24, 'Frank', 'Miller', '21701006', 'frank@gmail.com', '1234567896', 4, '2020-2021'),
(25, 'Grace', 'Davis', '21701007', 'grace@gmail.com', '1234567897', 4, '2020-2021'),
(26, 'Hank', 'Garcia', '21701008', 'hank@gmail.com', '1234567898', 4, '2020-2021'),
(27, 'Ivy', 'Martinez', '21701009', 'ivy@gmail.com', '1234567899', 4, '2020-2021'),
(28, 'Jack', 'Rodriguez', '21701010', 'jack@gmail.com', '1234567800', 4, '2020-2021'),
(29, 'Kara', 'Hernandez', '21701011', 'kara@gmail.com', '1234567801', 4, '2020-2021'),
(30, 'Leo', 'Lopez', '21701012', 'leo@gmail.com', '1234567802', 4, '2020-2021'),
(31, 'Mia', 'Gonzalez', '21701013', 'mia@gmail.com', '1234567803', 4, '2020-2021'),
(32, 'Nina', 'Wilson', '21701014', 'nina@gmail.com', '1234567804', 4, '2020-2021'),
(33, 'Oscar', 'Anderson', '21701015', 'oscar@gmail.com', '1234567805', 4, '2020-2021'),
(34, 'Paula', 'Thomas', '21701016', 'paula@gmail.com', '1234567806', 4, '2020-2021'),
(35, 'Quinn', 'Taylor', '21701017', 'quinn@gmail.com', '1234567807', 4, '2020-2021'),
(36, 'Rose', 'Moore', '21701018', 'rose@gmail.com', '1234567808', 4, '2020-2021'),
(37, 'Steve', 'Jackson', '21701019', 'steve@gmail.com', '1234567809', 4, '2020-2021'),
(38, 'Tina', 'Martin', '21701020', 'tina@gmail.com', '1234567810', 4, '2020-2021'),
(39, 'Uma', 'Lee', '21701021', 'uma@gmail.com', '1234567811', 4, '2020-2021'),
(40, 'Victor', 'Perez', '21701022', 'victor@gmail.com', '1234567812', 4, '2020-2021'),
(41, 'Wendy', 'White', '21701023', 'wendy@gmail.com', '1234567813', 4, '2020-2021'),
(42, 'Xavier', 'Harris', '21701024', 'xavier@gmail.com', '1234567814', 4, '2020-2021'),
(43, 'Yara', 'Clark', '21701025', 'yara@gmail.com', '1234567815', 4, '2020-2021'),
(44, 'Zack', 'Lewis', '21701026', 'zack@gmail.com', '1234567816', 4, '2020-2021'),
(45, 'Adam', 'Young', '21701027', 'adam@gmail.com', '1234567817', 4, '2020-2021'),
(46, 'Bella', 'Hall', '21701028', 'bella@gmail.com', '1234567818', 4, '2020-2021'),
(47, 'Cody', 'Allen', '21701029', 'cody@gmail.com', '1234567819', 4, '2020-2021'),
(48, 'Dana', 'King', '21701030', 'dana@gmail.com', '1234567820', 4, '2020-2021'),
(49, 'Ethan', 'Scott', '21701031', 'ethan@gmail.com', '1234567821', 4, '2020-2021'),
(50, 'Fiona', 'Green', '21701032', 'fiona@gmail.com', '1234567822', 4, '2020-2021'),
(51, 'Gavin', 'Adams', '21701033', 'gavin@gmail.com', '1234567823', 4, '2020-2021'),
(52, 'Hazel', 'Baker', '21701034', 'hazel@gmail.com', '1234567824', 4, '2020-2021'),
(53, 'Ian', 'Turner', '21701035', 'ian@gmail.com', '1234567825', 4, '2020-2021'),
(54, 'Judy', 'Wright', '21701036', 'judy@gmail.com', '1234567826', 4, '2020-2021'),
(55, 'Kevin', 'Phillips', '21701037', 'kevin@gmail.com', '1234567827', 4, '2020-2021'),
(56, 'Lila', 'Campbell', '21701038', 'lila@gmail.com', '1234567828', 4, '2020-2021'),
(57, 'Mason', 'Parker', '21701039', 'mason@gmail.com', '1234567829', 4, '2020-2021'),
(58, 'Nora', 'Evans', '21701040', 'nora@gmail.com', '1234567830', 4, '2020-2021'),
(59, 'Owen', 'Edwards', '21701041', 'owen@gmail.com', '1234567831', 4, '2020-2021'),
(60, 'Penny', 'Collins', '21701042', 'penny@gmail.com', '1234567832', 4, '2020-2021'),
(61, 'Quincy', 'Stewart', '21701043', 'quincy@gmail.com', '1234567833', 4, '2020-2021'),
(62, 'Rita', 'Sanchez', '21701044', 'rita@gmail.com', '1234567834', 4, '2020-2021'),
(63, 'Sean', 'Morris', '21701045', 'sean@gmail.com', '1234567835', 4, '2020-2021'),
(64, 'Tara', 'Rogers', '21701046', 'tara@gmail.com', '1234567836', 4, '2020-2021'),
(65, 'Uri', 'Reed', '21701047', 'uri@gmail.com', '1234567837', 4, '2020-2021'),
(66, 'Vera', 'Cook', '21701048', 'vera@gmail.com', '1234567838', 4, '2020-2021'),
(67, 'Will', 'Morgan', '21701049', 'will@gmail.com', '1234567839', 4, '2020-2021'),
(68, 'Xena', 'Bell', '21701050', 'xena@gmail.com', '1234567840', 4, '2020-2021'),
(69, 'Yosef', 'Murphy', '21701051', 'yosef@gmail.com', '1234567841', 4, '2020-2021'),
(70, 'Zoey', 'Bailey', '21701052', 'zoey@gmail.com', '1234567842', 4, '2020-2021'),
(71, 'Alan', 'Cooper', '21701053', 'alan@gmail.com', '1234567843', 4, '2020-2021'),
(72, 'Betty', 'Rivera', '21701054', 'betty@gmail.com', '1234567844', 4, '2020-2021'),
(73, 'Carl', 'Ward', '21701055', 'carl@gmail.com', '1234567845', 4, '2020-2021'),
(74, 'Daisy', 'Sanders', '21701056', 'daisy@gmail.com', '1234567846', 4, '2020-2021'),
(75, 'Eli', 'Peterson', '21701057', 'eli@gmail.com', '1234567847', 4, '2020-2021'),
(76, 'Faith', 'Wood', '21701058', 'faith@gmail.com', '1234567848', 4, '2020-2021'),
(77, 'Gina', 'Price', '21701059', 'gina@gmail.com', '1234567849', 4, '2020-2021');

-- --------------------------------------------------------

--
-- Table structure for table `teacher`
--

CREATE TABLE `teacher` (
  `Id` int(10) NOT NULL,
  `teacher_firstName` varchar(30) NOT NULL,
  `teacher_lastName` varchar(30) NOT NULL,
  `teacher_email` varchar(100) NOT NULL,
  `teacher_password` varchar(100) NOT NULL,
  `teacher_phoneNo` varchar(20) NOT NULL,
  `teacher_designation` varchar(50) NOT NULL
) ENGINE=MyISAM DEFAULT CHARSET=latin1 COLLATE=latin1_swedish_ci;

--
-- Dumping data for table `teacher`
--

INSERT INTO `teacher` (`Id`, `teacher_firstName`, `teacher_lastName`, `teacher_email`, `teacher_password`, `teacher_phoneNo`, `teacher_designation`) VALUES
(7, 'Dr. Mohammad', 'Shahadat Hossainn', 'hossain_ms@cu.ac.bd', 'shahadat1234', '01712345678', 'Professor'),
(8, 'Md.', 'Hanif Seddiqui', 'hanif@cu.ac.bd', 'hanif1234', '01723456789', 'Professor'),
(9, 'Dr. Mohammad', 'Khairul Islam', 'mkislam@cu.ac.bd', 'khairul1234', '01734567890', 'Professor'),
(10, 'Prof. Dr. Mohammad', 'Osiur Rahman', 'drosi@cu.ac.bd', 'osiur1234', '01745678901', 'Professor'),
(11, 'Muhammad', 'Anwarul Azim', 'azim@cu.ac.bd', 'anwarul1234', '01756789012', 'Professor'),
(12, 'Prof. Dr. Mohammad Sanaullah', 'Chowdhury', 's.chowdhury@cu.ac.bd', 'sanaullah1234', '01767890123', 'Professor'),
(13, 'Dr.', 'Rashed Mustafa', 'rashed.m@cu.ac.bd', 'rashed1234', '01778901234', 'Professor'),
(14, 'Dr.', 'Farah Jahan', 'farah_csc@cu.ac.bd', 'farah1234', '01789012345', 'Professor'),
(15, 'Dr.', 'Kazi Ashrafuzzaman', 'ashraf@cu.ac.bd', 'kazi1234', '01790123456', 'Professor'),
(16, 'Nihad Karim', 'Chowdhury', 'nihad@cu.ac.bd', 'nihad1234', '01701234567', 'Professor'),
(17, 'Dr.', 'Iqbal Ahmed', 'iqbal.ahmed@cu.ac.bd', 'iqbal1234', '01712345098', 'Professor'),
(18, 'Rokan Uddin', 'Faruqui', 'rokan@cu.ac.bd', 'rokan1234', '01723456098', 'Associate Professor'),
(19, 'REZAUL', 'KARIM', 'pinnacle_of_success@yahoo.com', 'rezaul1234', '01734567098', 'Associate Professor'),
(20, 'Dr. Fahim Irfan', 'Alam', 'fahim1234', '01745678098', 'fahim1234', 'Associate Professor'),
(21, 'Dr. Rudra Pratap', 'Deb Nath', 'rudra@cu.ac.bd', 'rudra1234', '01756789098', 'Associate Professor'),
(22, 'A. H. M.', 'Sajedul Hoque', 'hoque.cse@cu.ac.bd', 'hoque1234', '01767890123', 'Associate Professor'),
(23, 'Dr. Atiqur', 'Rahman', 'atiqcse09@cu.ac.bd', 'atiqur1234', '01778901234', 'Associate Professor'),
(24, 'Shima', 'Chakraborty', 'shimacse@cu.ac.bd', 'shima1234', '01789012345', 'Assistant Professor'),
(25, 'Nasrin', 'Sultana', 'nasrin_cse@cu.ac.bd', 'nasrin1234', '01790123456', 'Assistant Professor'),
(26, 'Dr. Md. Mahbubul', 'Islam', 'mahbubcse@cu.ac.bd', 'mahbub1234', '01701234567', 'Associate Professor'),
(27, 'Dr. Abu Nowshed', 'Chy', 'nowshed@cu.ac.bd', 'nowshed1234', '01712345098', 'Assistant Professor'),
(28, 'N. M. Istiak', 'Chowdhury', 'istiak@cu.ac.bd', 'istiak1234', '01723456098', 'Assistant Professor');

--
-- Indexes for dumped tables
--

--
-- Indexes for table `admin`
--
ALTER TABLE `admin`
  ADD PRIMARY KEY (`Id`);

--
-- Indexes for table `attendance`
--
ALTER TABLE `attendance`
  ADD PRIMARY KEY (`Id`);

--
-- Indexes for table `course`
--
ALTER TABLE `course`
  ADD PRIMARY KEY (`Id`);

--
-- Indexes for table `course_student`
--
ALTER TABLE `course_student`
  ADD PRIMARY KEY (`Id`);

--
-- Indexes for table `course_teacher`
--
ALTER TABLE `course_teacher`
  ADD PRIMARY KEY (`Id`);

--
-- Indexes for table `student`
--
ALTER TABLE `student`
  ADD PRIMARY KEY (`Id`);

--
-- Indexes for table `teacher`
--
ALTER TABLE `teacher`
  ADD PRIMARY KEY (`Id`);

--
-- AUTO_INCREMENT for dumped tables
--

--
-- AUTO_INCREMENT for table `admin`
--
ALTER TABLE `admin`
  MODIFY `Id` int(10) NOT NULL AUTO_INCREMENT, AUTO_INCREMENT=2;

--
-- AUTO_INCREMENT for table `attendance`
--
ALTER TABLE `attendance`
  MODIFY `Id` int(10) NOT NULL AUTO_INCREMENT, AUTO_INCREMENT=1576;

--
-- AUTO_INCREMENT for table `course`
--
ALTER TABLE `course`
  MODIFY `Id` int(10) NOT NULL AUTO_INCREMENT, AUTO_INCREMENT=18;

--
-- AUTO_INCREMENT for table `course_student`
--
ALTER TABLE `course_student`
  MODIFY `Id` int(11) NOT NULL AUTO_INCREMENT, AUTO_INCREMENT=967;

--
-- AUTO_INCREMENT for table `course_teacher`
--
ALTER TABLE `course_teacher`
  MODIFY `Id` int(11) NOT NULL AUTO_INCREMENT, AUTO_INCREMENT=33;

--
-- AUTO_INCREMENT for table `student`
--
ALTER TABLE `student`
  MODIFY `Id` int(10) NOT NULL AUTO_INCREMENT, AUTO_INCREMENT=83;

--
-- AUTO_INCREMENT for table `teacher`
--
ALTER TABLE `teacher`
  MODIFY `Id` int(10) NOT NULL AUTO_INCREMENT, AUTO_INCREMENT=36;
COMMIT;

/*!40101 SET CHARACTER_SET_CLIENT=@OLD_CHARACTER_SET_CLIENT */;
/*!40101 SET CHARACTER_SET_RESULTS=@OLD_CHARACTER_SET_RESULTS */;
/*!40101 SET COLLATION_CONNECTION=@OLD_COLLATION_CONNECTION */;
